_id,id,pin,address,owner,parc_sq_ft,class,zoned_as,inventory_type,current_status,acquisition_method,acquisition_date,last_updated,latitude,longitude,census_tract,neighborhood_name,council_district,ward,fire_zone,police_zone,dpw_streets,dpw_enviro,dpw_parks
11584736,1011435,0010G00219000000,0 WEBSTER AVE,City of Pittsburgh,2000.0,Vacant Land,RM-M,CDC Property Reserve,Sale Pending,Treasurer Sale,2019-08-16,2020-11-03,40.4489635923,-79.9734814357,42003050100.0,Middle Hill,6.0,5.0,2-5,2.0,3.0,Central,Schenley
11584737,1011436,0010G00222000000,0 WEBSTER AVE,City of Pittsburgh,1421.0,Vacant Land,RM-M,CDC Property Reserve,Sale Pending,Treasurer Sale,2019-08-16,2020-11-03,40.44888199,-79.9736657112,42003050100.0,Middle Hill,6.0,5.0,2-5,2.0,3.0,Central,Schenley
11584738,1011437,0010G00223000000,0 WEBSTER AVE,City of Pittsburgh,2000.0,Vacant Land,RM-M,CDC Property Reserve,Sale Pending,Treasurer Sale,2019-08-16,2020-11-03,40.448866247,-79.9737254221,42003050100.0,Middle Hill,6.0,5.0,2-5,2.0,3.0,Central,Schenley
11584739,1011438,0010G00226000000,2402 WEBSTER AVE,City of Pittsburgh,2000.0,Building,RM-M,CDC Property Reserve,Sale Pending,Treasurer Sale,2019-08-16,2020-11-03,40.4488023687,-79.9738679451,42003050100.0,Middle Hill,6.0,5.0,2-5,2.0,3.0,Central,Schenley
11584740,1011498,0024F00159000000,1042 SPRING GARDEN AVE,City of Pittsburgh,1441.0,Vacant Land,R1A-H,CDC Property Reserve,Sale Pending,Treasurer Sale,2019-08-16,2020-11-03,40.4595914002,-79.9937869362,42003241200.0,Spring Garden,1.0,23.0,1-5,1.0,1.0,Northern,Northern
11584741,1011499,0024F00159000A00,1042 SPRING GARDEN AVE,City of Pittsburgh,2420.0,Building,R1A-H,CDC Property Reserve,Sale Pending,Treasurer Sale,2019-08-16,2020-11-03,40.4595395491,-79.9937913606,42003241200.0,Spring Garden,1.0,23.0,1-5,1.0,1.0,Northern,Northern
11584742,1011500,0024K00225000000,911 SUISMON ST,City of Pittsburgh,513.0,Vacant Land,R1A-VH,CDC Property Reserve,Sale Pending,Treasurer Sale,2019-08-16,2020-11-03,40.4562855686,-79.9944102354,42003563200.0,East Allegheny,1.0,23.0,1-5,1.0,1.0,Northern,Northern
11584743,1011444,0025S00226000A00,2940 BEDFORD AVE,City of Pittsburgh,845.0,Vacant Land,RM-M,CDC Property Reserve,Sale Pending,Treasurer Sale,2019-08-16,2020-11-03,40.4529716074,-79.9666409467,42003050100.0,Middle Hill,6.0,5.0,2-5,2.0,3.0,Central,Schenley
11584744,1011507,0075M00029000000,3256 RICHARDSON AVE,City of Pittsburgh,6768.0,Building,R1A-H,CDC Property Reserve,Sale Pending,Treasurer Sale,2019-08-16,2020-11-03,40.4751607059,-80.0367823384,42003270300.0,Brighton Heights,1.0,27.0,1-14,1.0,1.0,Northern,Northern
11584786,1011439,0010H00259000000,2815 CENTRE AVE,City of Pittsburgh,5090.0,Building,RM-M,Unknown,Unknown,Treasurer Sale,2019-08-16,2020-11-03,40.4481973588,-79.9663357521,42003050100.0,Middle Hill,6.0,5.0,2-5,2.0,3.0,Central,Schenley
11584788,1011441,0010L00026000000,2333 CENTRE AVE,City of Pittsburgh,1860.0,Building,RM-M,Unknown,Unknown,Treasurer Sale,2019-08-16,2020-11-03,40.4458279687,-79.9730831888,42003050100.0,Middle Hill,6.0,5.0,2-5,2.0,3.0,Central,Schenley
11584789,1011442,0010L00027000000,2331 CENTRE AVE,City of Pittsburgh,1860.0,Building,RM-M,Unknown,Unknown,Treasurer Sale,2019-08-16,2020-11-03,40.4458072666,-79.9731302133,42003050100.0,Middle Hill,6.0,5.0,2-5,2.0,3.0,Central,Schenley
11584879,1011449,0027E00037000000,2903 CENTRE AVE,City of Pittsburgh,1471.0,Vacant Land,LNC,Public Sale,Available for Sale,Treasurer Sale,2019-08-16,2026-01-06,40.4488419155,-79.9652486079,42003050100.0,Middle Hill,6.0,5.0,2-5,2.0,3.0,Central,Schenley
11585038,1011448,0027E00036000000,2901 CENTRE AVE,City of Pittsburgh,1566.0,Vacant Land,LNC,Public Sale,Available for Sale,Treasurer Sale,2019-08-16,2024-10-15,40.4487981422,-79.9653072679,42003050100.0,Middle Hill,6.0,5.0,2-5,2.0,3.0,Central,Schenley
11585039,185267,0009M00196000000,23  MONACA PL,City of Pittsburgh,2684.0,Vacant Land,RM-M,CDC Property Reserve,Sale Pending,Treasurer Sale,2014-10-24,2017-03-02,40.4463146117,-79.9845374931,42003030500.0,Crawford-Roberts,6.0,3.0,2-1,2.0,3.0,Central,Schenley
11585040,185268,0009M00205000000,3  MONACA PL,City of Pittsburgh,720.0,Vacant Land,RM-M,CDC Property Reserve,Sale Pending,Treasurer Sale,2014-10-24,2017-03-02,40.4460187978,-79.9850144924,42003030500.0,Crawford-Roberts,6.0,3.0,2-1,2.0,3.0,Central,Schenley
11585041,185269,0009M00250000000,806  CASSATT ST,City of Pittsburgh,535.0,Vacant Land,RM-M,CDC Property Reserve,Sale Pending,Treasurer Sale,2014-10-24,2017-03-02,40.4456988626,-79.9849701086,42003030500.0,Crawford-Roberts,6.0,3.0,2-1,2.0,3.0,Central,Schenley
11585042,549833,0010C00086000000,2630  BEDFORD AVE,City of Pittsburgh,1936.0,Building,RM-M,CDC Property Reserve,Sale Pending,Treasurer Sale,2016-04-29,2017-03-02,40.4513636283,-79.970336444,42003050900.0,Bedford Dwellings,6.0,5.0,2-5,2.0,3.0,Central,Schenley
11585043,549962,0027B00172000000,760  ANAHEIM ST,City of Pittsburgh,,Building,R2-L,CDC Property Reserve,Sale Pending,Treasurer Sale,2016-04-29,2017-03-02,40.452011999,-79.9611818568,42003050600.0,Upper Hill,6.0,5.0,2-22,2.0,3.0,Central,Schenley
11585044,914305,0026E00178000000,3312  RUTHVEN ST,City of Pittsburgh,2520.0,Vacant Land,H,CDC Property Reserve,Sale Pending,Treasurer Sale,2016-08-19,2017-03-07,40.4593505374,-79.9647864078,42003060500.0,Polish Hill,7.0,6.0,2-6,2.0,6.0,Central,Highland
11585045,914409,0115D00290000000,20  MAIRDALE ST,City of Pittsburgh,2268.0,Building,LNC,CDC Property Reserve,Sale Pending,Treasurer Sale,2016-08-19,2017-03-07,40.4900773904,-80.0190483978,42003260200.0,Perry North,1.0,26.0,1-15,1.0,1.0,Northern,Riverview
11585212,987853,0009M00218000000,1800 CLIFF ST,City of Pittsburgh,7564.0,Vacant Land,RM-M,CDC Property Reserve,Sale Pending,Treasurer Sale,2018-08-17,2019-06-25,40.4461416406,-79.9851807196,42003030500.0,Crawford-Roberts,6.0,3.0,2-1,2.0,3.0,Central,Schenley
11585213,987855,0010C00039000000,2543 WEBSTER AVE,City of Pittsburgh,1419.0,Vacant Land,RM-M,CDC Property Reserve,Sale Pending,Treasurer Sale,2018-08-17,2019-06-25,40.450396213,-79.9711596429,42003050900.0,Bedford Dwellings,6.0,5.0,2-5,2.0,3.0,Central,Schenley
11585214,987856,0010C00044000A00,2601 WEBSTER AVE,City of Pittsburgh,2624.0,Building,RM-M,CDC Property Reserve,Sale Pending,Treasurer Sale,2018-08-17,2019-06-25,40.4504374531,-79.9710528546,42003050900.0,Bedford Dwellings,6.0,5.0,2-5,2.0,3.0,Central,Schenley
11585215,987859,0010L00032000000,2341 CENTRE AVE,City of Pittsburgh,1380.0,Building,RM-M,CDC Property Reserve,Sale Pending,Treasurer Sale,2018-08-17,2019-06-25,40.4458711606,-79.9727880574,42003050100.0,Middle Hill,6.0,5.0,2-5,2.0,3.0,Central,Schenley
11585216,987860,0027B00309000000,3008 CAMP ST,City of Pittsburgh,799.0,Vacant Land,R2-L,CDC Property Reserve,Sale Pending,Treasurer Sale,2018-08-17,2019-06-25,40.4507549904,-79.9593490626,42003050600.0,Upper Hill,6.0,5.0,2-22,2.0,3.0,Central,Schenley
11585217,987861,0027B00310000000,3010 CAMP ST,City of Pittsburgh,795.0,Vacant Land,R2-L,CDC Property Reserve,Sale Pending,Treasurer Sale,2018-08-17,2019-06-25,40.4507972651,-79.9593262208,42003050600.0,Upper Hill,6.0,5.0,2-22,2.0,3.0,Central,Schenley
11585218,987862,0027B00311000000,3012 CAMP ST,City of Pittsburgh,779.0,Vacant Land,R2-L,CDC Property Reserve,Sale Pending,Treasurer Sale,2018-08-17,2019-06-25,40.4508372751,-79.959301161,42003050600.0,Upper Hill,6.0,5.0,2-22,2.0,3.0,Central,Schenley
11585219,987863,0027B00312000000,3014 CAMP ST,City of Pittsburgh,784.0,Vacant Land,R2-L,CDC Property Reserve,Sale Pending,Treasurer Sale,2018-08-17,2019-06-25,40.4508724941,-79.959280213,42003050600.0,Upper Hill,6.0,5.0,2-22,2.0,3.0,Central,Schenley
11585220,987914,0174R00375000000,811 HALE ST,City of Pittsburgh,1823.0,Vacant Land,RM-M,CDC Property Reserve,Sale Pending,Treasurer Sale,2018-08-17,2019-06-25,40.4546639551,-79.8869707968,42003130400.0,Homewood South,9.0,13.0,3-17,5.0,2.0,Eastern,Frick
11585221,987915,0174R00376000000,813 HALE ST,City of Pittsburgh,1892.0,Vacant Land,RM-M,CDC Property Reserve,Sale Pending,Treasurer Sale,2018-08-17,2019-06-25,40.4547063458,-79.8869633683,42003130400.0,Homewood South,9.0,13.0,3-17,5.0,2.0,Eastern,Frick
11585429,185278,0010L00337000000,2504  HALLETT ST,City of Pittsburgh,2400.0,Vacant Land,RM-M,CDC Property Reserve,Sale Pending,Treasurer Sale,2014-10-24,2018-02-09,40.446949372,-79.9703817965,42003050100.0,Middle Hill,6.0,5.0,2-5,2.0,3.0,Central,Schenley
11585479,1071534,0010R00136000000,2306 CENTRE AVE,City of Pittsburgh,1240.0,Vacant Land,LNC,CDC Property Reserve,Sale Pending,Treasurer Sale,2019-10-18,2020-01-28,40.4451338433,-79.9735565488,42003050100.0,Middle Hill,6.0,5.0,2-5,2.0,3.0,Central,Schenley
11585480,1071523,0011E00187000000,216 WICK ST,City of Pittsburgh,1848.0,Building,RM-M,CDC Property Reserve,Sale Pending,Treasurer Sale,2019-10-18,2020-01-28,40.4395502264,-79.9795174423,42003030500.0,Crawford-Roberts,6.0,3.0,2-1,2.0,3.0,Central,Schenley
11585481,1071524,0011E00188000000,218 WICK ST,City of Pittsburgh,2952.0,Vacant Land,RM-M,CDC Property Reserve,Sale Pending,Treasurer Sale,2019-10-18,2020-01-28,40.4396099497,-79.9794261665,42003030500.0,Crawford-Roberts,6.0,3.0,2-1,2.0,3.0,Central,Schenley
11585482,1071610,0023B00226000000,1647 FEDERAL ST,City of Pittsburgh,1350.0,Building,R1A-VH,CDC Property Reserve,Sale Pending,Treasurer Sale,2019-10-18,2020-01-28,40.460590084,-80.0089003578,42003250300.0,Central Northside,6.0,25.0,1-10,1.0,1.0,Northern,Riverview
11585483,1071604,0024E00193000000,849 VISTA ST,City of Pittsburgh,4500.0,Vacant Land,R1A-VH,CDC Property Reserve,Sale Pending,Treasurer Sale,2019-10-18,2020-01-28,40.458324574,-79.9964675647,42003563200.0,East Allegheny,1.0,23.0,1-5,1.0,1.0,Northern,Riverview
11585484,1071605,0024E00196000000,855 VISTA ST,City of Pittsburgh,2700.0,Vacant Land,R1A-VH,CDC Property Reserve,Sale Pending,Treasurer Sale,2019-10-18,2020-01-28,40.4583492114,-79.9963278346,42003563200.0,East Allegheny,1.0,23.0,1-5,1.0,1.0,Northern,Riverview
11585485,1071558,0056F00153000000,206 GLEN CALADH ST,City of Pittsburgh,4375.0,Vacant Land,R1D-M,CDC Property Reserve,Sale Pending,Treasurer Sale,2019-10-18,2020-01-28,40.4092616245,-79.9418057974,42003562300.0,Hazelwood,5.0,15.0,2-13,4.0,3.0,Eastern,Frick
11585486,1071559,0056F00154000000,208 GLEN CALADH ST,City of Pittsburgh,4375.0,Vacant Land,R1D-M,CDC Property Reserve,Sale Pending,Treasurer Sale,2019-10-18,2020-01-28,40.4092750747,-79.9417193361,42003562300.0,Hazelwood,5.0,15.0,2-13,4.0,3.0,Eastern,Frick
11585487,1071560,0056F00158000000,216 GLEN CALADH ST,City of Pittsburgh,4375.0,Vacant Land,R1D-M,CDC Property Reserve,Sale Pending,Treasurer Sale,2019-10-18,2020-01-28,40.4093479744,-79.9413706625,42003562300.0,Hazelwood,5.0,15.0,2-13,4.0,3.0,Eastern,Frick
11585488,1071561,0056F00159000000,218 GLEN CALADH ST,City of Pittsburgh,4375.0,Vacant Land,R1D-M,CDC Property Reserve,Sale Pending,Treasurer Sale,2019-10-18,2020-01-28,40.4093644167,-79.9412822665,42003562300.0,Hazelwood,5.0,15.0,2-13,4.0,3.0,Eastern,Frick
11585489,1071548,0174E00160000000,7037 IDLEWILD ST,City of Pittsburgh,1975.0,Building,R2-L,CDC Property Reserve,Sale Pending,Treasurer Sale,2019-10-18,2020-01-28,40.4592020096,-79.8990241436,42003130100.0,Homewood North,9.0,13.0,3-17,5.0,2.0,Eastern,Highland
11585490,1071549,0174F00029000000,7329 HERMITAGE ST,City of Pittsburgh,3500.0,Building,R2-L,CDC Property Reserve,Sale Pending,Treasurer Sale,2019-10-18,2020-01-28,40.4596577001,-79.8917112086,42003130200.0,Homewood North,9.0,13.0,3-17,5.0,2.0,Eastern,Highland
11585491,1071550,0174F00030000000,7327 HERMITAGE ST,City of Pittsburgh,3500.0,Building,R2-L,CDC Property Reserve,Sale Pending,Treasurer Sale,2019-10-18,2020-01-28,40.4596761986,-79.8918011307,42003130200.0,Homewood North,9.0,13.0,3-17,5.0,2.0,Eastern,Highland
11585492,1071551,0174F00031000000,7325 HERMITAGE ST,City of Pittsburgh,3500.0,Building,R2-L,CDC Property Reserve,Sale Pending,Treasurer Sale,2019-10-18,2020-01-28,40.4596970245,-79.8918789662,42003130200.0,Homewood North,9.0,13.0,3-17,5.0,2.0,Eastern,Highland
11585493,1071552,0174F00037000000,7313 HERMITAGE ST,City of Pittsburgh,3500.0,Building,R2-L,CDC Property Reserve,Sale Pending,Treasurer Sale,2019-10-18,2020-01-28,40.4598109169,-79.8923772481,42003130200.0,Homewood North,9.0,13.0,3-17,5.0,2.0,Eastern,Highland
11585522,1071531,0010M00114000000,2523 CENTRE AVE,City of Pittsburgh,2195.0,Vacant Land,RM-M,URA Transfer,Available for Sale,Treasurer Sale,2019-10-18,2020-01-28,40.4460348465,-79.9697625622,42003050100.0,Middle Hill,6.0,5.0,2-5,2.0,3.0,Central,Schenley
11585523,1071532,0010M00116000000,2525 CENTRE AVE,City of Pittsburgh,2274.0,Building,RM-M,URA Transfer,Available for Sale,Treasurer Sale,2019-10-18,2020-01-28,40.4460545123,-79.9696930146,42003050100.0,Middle Hill,6.0,5.0,2-5,2.0,3.0,Central,Schenley
11585524,1071533,0010M00118000000,2527 CENTRE AVE,City of Pittsburgh,2214.0,Building,RM-M,URA Transfer,Available for Sale,Treasurer Sale,2019-10-18,2020-01-28,40.4460838682,-79.9696323642,42003050100.0,Middle Hill,6.0,5.0,2-5,2.0,3.0,Central,Schenley
11586107,185260,0003N00195000000,629  MCLAIN ST,City of Pittsburgh,3431.0,Vacant Land,R1D-M,CDC Property Reserve,Sale Pending,Treasurer Sale,2015-10-30,2016-11-17,40.424438826,-79.9963186459,42003180300.0,Allentown,3.0,18.0,4-5,3.0,4.0,Southern,Emerald
11586108,185262,0004J00178000000,502  NATCHEZ ST,City of Pittsburgh,2985.0,Building,R1D-H,CDC Property Reserve,Sale Pending,Treasurer Sale,2015-04-24,2016-11-17,40.4269215833,-80.0134065793,42003191400.0,Mount Washington,2.0,19.0,4-27,3.0,5.0,Southern,Emerald
11586109,185265,0007C00019000000,1217  W NORTH AVE,City of Pittsburgh,1956.0,Building,RM-M,CDC Property Reserve,Sale Pending,Treasurer Sale,2015-10-30,2016-11-17,40.4524429317,-80.0230428004,42003210700.0,Manchester,6.0,21.0,1-8,1.0,1.0,Northern,Riverview
11586110,185277,0010L00336000000,2506  HALLETT ST,City of Pittsburgh,2400.0,Vacant Land,RM-M,CDC Property Reserve,Sale Pending,Treasurer Sale,2014-10-24,2016-11-17,40.4469785651,-79.9703004691,42003050100.0,Middle Hill,6.0,5.0,2-5,2.0,3.0,Central,Schenley
11586111,185296,0014A00224000000,618  EXCELSIOR ST,City of Pittsburgh,2500.0,Building,R1D-H,CDC Property Reserve,Sale Pending,Treasurer Sale,2015-04-24,2016-11-17,40.422557783,-79.9965580083,42003180300.0,Allentown,3.0,18.0,4-5,3.0,4.0,Southern,Emerald
11586112,185298,0014A00250000000,615  EXCELSIOR ST,City of Pittsburgh,3750.0,Building,R1D-H,CDC Property Reserve,Sale Pending,Treasurer Sale,2015-04-24,2016-11-17,40.4229888521,-79.9967901001,42003180300.0,Allentown,3.0,18.0,4-5,3.0,4.0,Southern,Emerald
11586113,185299,0014A00262000000,46  MILLBRIDGE ST,City of Pittsburgh,2500.0,Building,R1D-H,CDC Property Reserve,Sale Pending,Treasurer Sale,2015-04-24,2016-11-17,40.422838363,-79.9960764565,42003180300.0,Allentown,3.0,18.0,4-5,3.0,4.0,Southern,Emerald
11586114,185302,0014A00291000000,22  MILLBRIDGE ST,City of Pittsburgh,2500.0,Building,R1D-H,CDC Property Reserve,Sale Pending,Treasurer Sale,2015-04-24,2016-11-17,40.4234995419,-79.9960987301,42003180300.0,Allentown,3.0,18.0,4-5,3.0,4.0,Southern,Emerald
11586115,185310,0022F00087000000,1912  MANHATTAN ST,City of Pittsburgh,896.0,Building,R1A-VH,CDC Property Reserve,Sale Pending,Treasurer Sale,2015-10-30,2016-11-17,40.4590113315,-80.0277866096,42003210700.0,Manchester,6.0,21.0,1-8,1.0,1.0,Northern,Riverview
11586116,185316,0022L00101000000,1214  N FRANKLIN ST,City of Pittsburgh,3113.0,Vacant Land,R1A-VH,CDC Property Reserve,Sale Pending,Treasurer Sale,2015-10-30,2016-11-17,40.4567459402,-80.0236935816,42003210700.0,Manchester,6.0,21.0,1-8,1.0,1.0,Northern,Riverview
11586117,185317,0022L00103000000,1218  N FRANKLIN ST,City of Pittsburgh,2465.0,Vacant Land,R1A-VH,CDC Property Reserve,Sale Pending,Treasurer Sale,2015-10-30,2016-11-17,40.4567104479,-80.0238513565,42003210700.0,Manchester,6.0,21.0,1-8,1.0,1.0,Northern,Riverview
11586118,185320,0022L00202000000,1012  LIVERPOOL ST,City of Pittsburgh,3120.0,Vacant Land,R1A-H,CDC Property Reserve,Sale Pending,Treasurer Sale,2015-10-30,2016-11-17,40.4562707604,-80.0209847517,42003210700.0,Manchester,6.0,21.0,1-8,1.0,1.0,Northern,Riverview
11586119,184707,0023B00244000000,6  LETSCHE ST,City of Pittsburgh,1200.0,Building,R1D-L,CDC Property Reserve,Available for Sale,Treasurer Sale,2015-08-14,2016-11-17,40.4623041804,-80.0080178935,42003250900.0,Fineview,6.0,25.0,1-10,1.0,1.0,Northern,Riverview
11586120,549985,0046F00055000000,2503  PERRYSVILLE AVE,City of Pittsburgh,,Vacant Land,R1D-H,CDC Property Reserve,Available for Sale,Treasurer Sale,2016-04-29,2016-11-22,40.4696568427,-80.0086581956,42003261400.0,Perry South,6.0,26.0,1-12,1.0,1.0,Northern,Riverview
11586121,184381,0046K00161000000,2125  FEDERAL ST EXT,City of Pittsburgh,2663.0,Building,R1D-H,CDC Property Reserve,Available for Sale,Treasurer Sale,2014-10-24,2016-11-17,40.4649829196,-80.0103229172,42003261400.0,Perry South,6.0,25.0,1-10,1.0,1.0,Northern,Riverview
11586122,185214,0047S00264000000,1511  CLAIM ST,City of Pittsburgh,1470.0,Vacant Land,R1D-H,CDC Property Reserve,Sale Pending,Treasurer Sale,2015-10-30,2016-11-17,40.4637862626,-79.9842139547,42003240600.0,Troy Hill,1.0,24.0,1-2,1.0,1.0,Northern,Riverview
11586123,185215,0047S00265000000,1517  CLAIM ST,City of Pittsburgh,2400.0,Vacant Land,R1D-H,CDC Property Reserve,Sale Pending,Treasurer Sale,2015-10-30,2016-11-17,40.4638053902,-79.984344307,42003240600.0,Troy Hill,1.0,24.0,1-2,1.0,1.0,Northern,Riverview
11587435,174147,0027F00052000000,3115 CENTRE AVE,City of Pittsburgh,5227.0,Vacant Land,R2-L,Hold For Study,Hold for Study,Treasurer Sale,1950-06-06,2016-11-17,40.4485779453,-79.9615987564,42003050600.0,Terrace Village,6.0,5.0,2-22,2.0,3.0,Central,Schenley
11587436,174148,0027F00053000000,3153 CENTRE AVE,City of Pittsburgh,34503.0,Vacant Land,R2-L,Hold For Study,Hold for Study,Treasurer Sale,1949-06-06,2016-11-17,40.4483409281,-79.9602685018,42003051000.0,Terrace Village,6.0,5.0,2-22,2.0,3.0,Central,Schenley
11589758,172171,0010P00135000000,2226 CENTRE AVE,City of Pittsburgh,2880.0,Not Classified,LNC,Public Sale,Available for Sale,Treasurer Sale,2012-10-26,2016-11-17,40.4449760754,-79.9750681811,42003050100.0,Middle Hill,6.0,5.0,2-5,2.0,3.0,Central,Schenley
11589759,172172,0010P00136000000,2224 CENTRE AVE,City of Pittsburgh,2880.0,Vacant Land,LNC,Public Sale,Available for Sale,Treasurer Sale,2009-11-20,2016-11-17,40.4449802591,-79.9751503363,42003050100.0,Middle Hill,6.0,5.0,2-5,2.0,3.0,Central,Schenley
11589761,172174,0010P00138000000,2220 CENTRE AVE,City of Pittsburgh,3072.0,Vacant Land,LNC,Public Sale,Available for Sale,Treasurer Sale,2009-11-20,2016-11-17,40.4450607188,-79.975278627,42003050100.0,Middle Hill,6.0,5.0,2-5,2.0,3.0,Central,Schenley
11592058,172154,0010L00024000000,2323 CENTRE AVE,City of Pittsburgh,1104.0,Vacant Land,RM-M,URA Transfer,Available for Sale,Treasurer Sale,1974-06-03,2016-11-17,40.4456548128,-79.9732889241,42003050100.0,Middle Hill,6.0,5.0,2-5,2.0,3.0,Central,Schenley
11592122,179868,0010R00147000000,2300 CENTRE AVE,City of Pittsburgh,2730.0,Vacant Land,LNC,URA Transfer,Available for Sale,Treasurer Sale,1993-06-21,2016-11-17,40.4450696549,-79.9737097606,42003050100.0,Middle Hill,6.0,5.0,2-5,2.0,3.0,Central,Schenley
11592732,914308,0026K00255000000,3448  WEBSTER AVE,City of Pittsburgh,1585.0,Building,R2-L,CDC Property Reserve,Sale Pending,Treasurer Sale,2016-10-28,2018-03-02,40.4556523249,-79.9604361072,42003050600.0,Upper Hill,6.0,5.0,2-22,2.0,3.0,Central,Schenley
11592733,914309,0026K00256000000,3450  WEBSTER AVE,City of Pittsburgh,1566.0,Building,R2-L,CDC Property Reserve,Sale Pending,Treasurer Sale,2016-10-28,2018-03-02,40.4556781245,-79.9603905718,42003050600.0,Upper Hill,6.0,5.0,2-22,2.0,3.0,Central,Schenley
11592734,977749,0010L00249000000,2417 CENTRE AVE,City of Pittsburgh,4000.0,Vacant Land,RM-M,URA Transfer,Available for Sale,Treasurer Sale,2017-09-01,2018-03-09,40.4457825549,-79.9714571877,42003050100.0,Middle Hill,6.0,5.0,2-5,2.0,3.0,Central,Schenley
11592750,977786,0174F00270000000,7324 RACE ST,City of Pittsburgh,3084.0,Building,R2-L,CDC Property Reserve,Sale Pending,Treasurer Sale,2017-09-01,2018-03-09,40.4578339773,-79.8922504051,42003130200.0,Homewood North,9.0,13.0,3-17,5.0,2.0,Eastern,Highland
11592751,977787,0174F00271000000,7326 RACE ST,City of Pittsburgh,3084.0,Building,R2-L,CDC Property Reserve,Sale Pending,Treasurer Sale,2017-09-01,2018-03-09,40.4578061642,-79.8921309368,42003130200.0,Homewood North,9.0,13.0,3-17,5.0,2.0,Eastern,Highland
11592773,977816,0048A00286000000,2115 STRAUBS LN,City of Pittsburgh,2250.0,Building,R1D-H,CDC Property Reserve,Sale Pending,Treasurer Sale,2017-09-01,2018-03-09,40.4698659289,-79.9789391093,42003240600.0,Troy Hill,1.0,24.0,1-2,1.0,1.0,Northern,Riverview
11592774,977817,0048F00037000000,2112 LAUTNER ST,City of Pittsburgh,1760.0,Building,R1D-H,CDC Property Reserve,Sale Pending,Treasurer Sale,2017-09-01,2018-03-09,40.4688335928,-79.9782699691,42003240600.0,Troy Hill,1.0,24.0,1-2,1.0,1.0,Northern,Riverview
11592811,914222,0011H00046000000,3100  TERRACE ST,City of Pittsburgh,3400.0,Vacant Land,R1A-H,CDC Property Reserve,Privately Owned,Treasurer Sale,2016-08-19,2025-11-21,40.4398349983,-79.9674427,42003040200.0,West Oakland,6.0,4.0,2-10,4.0,3.0,Central,Schenley
11592843,983064,0010C00085000000,2628 BEDFORD AVE,City of Pittsburgh,2096.0,Building,RM-M,CDC Property Reserve,Sale Pending,Treasurer Sale,2017-10-27,2018-05-30,40.4513338251,-79.970389229,42003050900.0,Bedford Dwellings,6.0,5.0,2-5,2.0,3.0,Central,Schenley
11592844,983158,0010F00104000000,2354 BEDFORD AVE,City of Pittsburgh,3000.0,Vacant Land,RM-M,CDC Property Reserve,Sale Pending,Treasurer Sale,2017-10-27,2018-05-30,40.4494804108,-79.9747193178,42003050100.0,Middle Hill,6.0,5.0,2-5,2.0,3.0,Central,Schenley
11592845,983159,0010F00105000000,2352 BEDFORD AVE,City of Pittsburgh,1522.0,Vacant Land,RM-M,CDC Property Reserve,Sale Pending,Treasurer Sale,2017-10-27,2018-05-30,40.4494509782,-79.9747764218,42003050100.0,Middle Hill,6.0,5.0,2-5,2.0,3.0,Central,Schenley
11592846,983160,0010G00356000000,2401 WEBSTER AVE,City of Pittsburgh,967.0,Building,RM-M,CDC Property Reserve,Sale Pending,Treasurer Sale,2017-10-27,2018-05-30,40.4493547965,-79.9735515477,42003050100.0,Middle Hill,6.0,5.0,2-5,2.0,3.0,Central,Schenley
11592847,983070,0010L00260000000,2501 CENTRE AVE,City of Pittsburgh,4721.0,Building,RM-M,CDC Property Reserve,Sale Pending,Treasurer Sale,2017-10-27,2018-05-30,40.4456981035,-79.9706886382,42003050100.0,Middle Hill,6.0,5.0,2-5,2.0,3.0,Central,Schenley
11592848,983136,0024C00326000000,1307 TELL ST,City of Pittsburgh,2284.0,Building,R1A-M,CDC Property Reserve,Sale Pending,Treasurer Sale,2017-10-27,2018-05-30,40.4602613236,-79.9882134501,42003241200.0,Spring Garden,1.0,24.0,1-5,1.0,1.0,Northern,Riverview
11592849,983137,0024C00327000100,1307 TELL ST,City of Pittsburgh,1078.0,Vacant Land,R1A-M,CDC Property Reserve,Sale Pending,Treasurer Sale,2017-10-27,2018-05-30,40.4602198238,-79.9881129127,42003241200.0,Spring Garden,1.0,24.0,1-5,1.0,1.0,Northern,Riverview
11592850,983071,0026P00072000000,738 CLARISSA ST,City of Pittsburgh,2946.0,Vacant Land,R2-L,CDC Property Reserve,Sale Pending,Treasurer Sale,2017-10-27,2018-05-30,40.4531208903,-79.9605589609,42003050600.0,Upper Hill,6.0,5.0,2-22,2.0,3.0,Central,Schenley
11592851,549984,0046F00054000000,0  PERRYSVILLE AVE AV,City of Pittsburgh,,Vacant Land,R1D-H,CDC Property Reserve,Acquisition Pending,Treasurer Sale,2016-04-29,2018-05-09,40.4697411287,-80.0086649328,42003261400.0,Perry South,6.0,26.0,1-23,1.0,1.0,Northern,Riverview
11592852,983151,0046J00193000000,2232 HOLYOKE ST,City of Pittsburgh,4685.0,Building,R1D-H,CDC Property Reserve,Sale Pending,Treasurer Sale,2017-10-27,2018-05-30,40.4655805797,-80.0138650053,42003261400.0,Perry South,6.0,26.0,1-12,1.0,1.0,Northern,Riverview
11592853,983152,0046J00221000000,2235 WILSON AVE,City of Pittsburgh,2400.0,Building,R1D-H,CDC Property Reserve,Sale Pending,Treasurer Sale,2017-10-27,2018-05-30,40.4657013795,-80.0132784047,42003261400.0,Perry South,6.0,26.0,1-12,1.0,1.0,Northern,Riverview
11592854,983175,0046J00334000000,2222 WILSON AVE,City of Pittsburgh,3720.0,Building,R1D-H,CDC Property Reserve,Sale Pending,Treasurer Sale,2017-10-27,2018-05-30,40.4655832488,-80.0126083473,42003261400.0,Perry South,6.0,26.0,1-12,1.0,1.0,Northern,Riverview
11592855,983176,0046J00336000000,2220 WILSON AVE,City of Pittsburgh,3000.0,Building,R1D-H,CDC Property Reserve,Sale Pending,Treasurer Sale,2017-10-27,2018-05-30,40.4655098469,-80.012579213,42003261400.0,Perry South,6.0,26.0,1-12,1.0,1.0,Northern,Riverview
11592856,983177,0046J00339000000,2214 WILSON AVE,City of Pittsburgh,2577.0,Building,R1D-H,CDC Property Reserve,Sale Pending,Treasurer Sale,2017-10-27,2018-05-30,40.4653165357,-80.0125318742,42003261400.0,Perry South,6.0,26.0,1-12,1.0,1.0,Northern,Riverview
11592966,914220,0010M00227000000,2562 -2564 CENTRE AVE,City of Pittsburgh,4532.0,Vacant Land,RM-H,Public Sale,Sale Pending,Treasurer Sale,2016-10-28,2017-06-26,40.4461804334,-79.9683667854,42003051000.0,Terrace Village,6.0,5.0,2-5,2.0,3.0,Central,Schenley
11593330,989730,0026K00308000000,705 FINLAND ST,City of Pittsburgh,5000.0,Vacant Land,R2-L,CDC Property Reserve,Sale Pending,Treasurer Sale,2018-10-19,2019-04-22,40.4561644408,-79.9583454964,42003050600.0,Upper Hill,6.0,5.0,2-22,2.0,3.0,Central,Schenley
11593331,989731,0027B00343000000,3002 CAMP ST,City of Pittsburgh,791.0,Building,R2-L,CDC Property Reserve,Sale Pending,Treasurer Sale,2018-10-19,2019-04-22,40.4506007696,-79.9594362623,42003050600.0,Upper Hill,6.0,5.0,2-22,2.0,3.0,Central,Schenley
11593456,185254,0003N00073000000,52  CRAIGHEAD ST,City of Pittsburgh,1015.0,Building,R1D-H,CDC Property Reserve,Sale Pending,Treasurer Sale,2014-04-25,2016-12-06,40.4240470197,-79.9987014164,42003180700.0,Mount Washington,3.0,18.0,4-5,3.0,4.0,Southern,Emerald
11593457,185255,0003N00073000500,54  CRAIGHEAD ST,City of Pittsburgh,877.0,Building,R1D-H,CDC Property Reserve,Sale Pending,Treasurer Sale,2014-04-25,2016-12-06,40.4240007179,-79.9987006749,42003180700.0,Mount Washington,3.0,18.0,4-5,3.0,4.0,Southern,Emerald
11593458,185256,0003N00186000000,707  MCLAIN ST,City of Pittsburgh,3833.0,Vacant Land,R1D-M,CDC Property Reserve,Sale Pending,Treasurer Sale,2015-08-14,2016-12-05,40.4244452492,-79.9955166193,42003180300.0,Allentown,3.0,18.0,4-5,3.0,4.0,Southern,Emerald
11593459,185258,0003N00190000000,639  MCLAIN ST,City of Pittsburgh,3750.0,Vacant Land,R1D-M,CDC Property Reserve,Sale Pending,Treasurer Sale,2014-04-25,2016-12-05,40.4244458542,-79.9958609944,42003180300.0,Allentown,3.0,18.0,4-5,3.0,4.0,Southern,Emerald
11593460,185259,0003N00194000000,631  MCLAIN ST,City of Pittsburgh,3650.0,Vacant Land,R1D-M,CDC Property Reserve,Sale Pending,Treasurer Sale,2014-04-25,2016-12-05,40.4244378019,-79.9962263423,42003180300.0,Allentown,3.0,18.0,4-5,3.0,4.0,Southern,Emerald
11593461,185261,0003N00197000000,625  MCLAIN ST,City of Pittsburgh,3640.0,Vacant Land,R1D-M,CDC Property Reserve,Sale Pending,Treasurer Sale,2015-08-14,2016-12-05,40.4244372019,-79.9964941861,42003180300.0,Allentown,3.0,18.0,4-5,3.0,4.0,Southern,Emerald
11593462,549823,0004L00107000000,26  RUTH ST,City of Pittsburgh,2500.0,Vacant Land,R1D-H,CDC Property Reserve,Sale Pending,Treasurer Sale,2016-04-29,2016-12-05,40.4261160031,-80.0053930613,42003191500.0,Mount Washington,2.0,19.0,4-5,3.0,5.0,Southern,Emerald
11593463,549824,0004N00169000000,28  MARNE WAY,City of Pittsburgh,2645.0,Building,R1D-H,CDC Property Reserve,Sale Pending,Treasurer Sale,2016-04-29,2016-12-05,40.4238354131,-80.0129246924,42003191400.0,Mount Washington,2.0,19.0,4-27,3.0,5.0,Southern,Emerald
11593464,549825,0004P00103000000,242  SOUTHERN AVE,City of Pittsburgh,2750.0,Vacant Land,R1D-H,CDC Property Reserve,Sale Pending,Treasurer Sale,2016-04-29,2016-12-05,40.4235936308,-80.0115208715,42003191400.0,Mount Washington,2.0,19.0,4-27,3.0,5.0,Southern,Emerald
11593465,185266,0009M00096000000,1713  CLIFF ST,City of Pittsburgh,3458.0,Vacant Land,RM-M,CDC Property Reserve,Sale Pending,Treasurer Sale,2014-10-24,2016-12-01,40.4460790623,-79.9865179672,42003030500.0,Crawford-Roberts,6.0,3.0,2-1,2.0,3.0,Central,Schenley
11593466,549831,0009S00215000000,1844  WEBSTER AVE,City of Pittsburgh,1537.0,Building,RM-M,CDC Property Reserve,Sale Pending,Treasurer Sale,2016-04-29,2016-12-05,40.4448245395,-79.983257554,42003030500.0,Crawford-Roberts,6.0,3.0,2-1,2.0,3.0,Central,Schenley
11593467,549834,0010D00048000000,2632  BEDFORD AVE,City of Pittsburgh,2626.0,Vacant Land,RM-M,CDC Property Reserve,Sale Pending,Treasurer Sale,2016-04-29,2016-12-05,40.4513906001,-79.9702718839,42003050900.0,Bedford Dwellings,6.0,5.0,2-5,2.0,3.0,Central,Schenley
11593468,185290,0014A00101000000,111  CRAIGHEAD ST,City of Pittsburgh,2000.0,Building,R1D-H,CDC Property Reserve,Sale Pending,Treasurer Sale,2014-04-25,2016-12-05,40.4218071648,-79.9982512412,42003180700.0,Mount Washington,3.0,18.0,4-5,3.0,4.0,Southern,Emerald
11593469,185300,0014A00271000000,63  BELTZHOOVER AV,City of Pittsburgh,2710.0,Building,R1D-H,CDC Property Reserve,Sale Pending,Treasurer Sale,2014-04-25,2016-12-05,40.4234167671,-79.9971727043,42003180300.0,Allentown,3.0,18.0,4-5,3.0,4.0,Southern,Emerald
11593470,185306,0015H00336000000,416  E WARRINGTON AV,City of Pittsburgh,3234.0,Building,LNC,CDC Property Reserve,Sale Pending,Treasurer Sale,2014-04-25,2016-12-05,40.4208082823,-79.9996449165,42003562400.0,Beltzhoover,3.0,18.0,4-21,3.0,4.0,Southern,Emerald
11593471,185307,0022E00297000000,1421  NIXON ST,City of Pittsburgh,1640.0,Building,R1A-VH,CDC Property Reserve,Sale Pending,Treasurer Sale,2014-10-24,2016-12-06,40.4591886448,-80.0288651638,42003210700.0,Manchester,6.0,21.0,1-8,1.0,1.0,Northern,Riverview
11593472,173570,0022K00146000000,1407 JUNIATA ST,City of Pittsburgh,1554.0,Vacant Land,R1A-VH,CDC Property Reserve,Sale Pending,Treasurer Sale,2012-10-26,2016-12-05,40.4565688403,-80.0274681586,42003210700.0,Manchester,6.0,21.0,1-8,1.0,1.0,Northern,Riverview
11593473,185313,0022K00270000000,1609  MANHATTAN ST,City of Pittsburgh,1728.0,Building,R2-H,CDC Property Reserve,Sale Pending,Treasurer Sale,2014-04-25,2016-12-05,40.4561636895,-80.0272271697,42003210700.0,Manchester,6.0,21.0,1-8,1.0,1.0,Northern,Riverview
11593474,185323,0023F00157000000,206  CARRINGTON ST,City of Pittsburgh,775.0,Building,R1A-VH,CDC Property Reserve,Sale Pending,Treasurer Sale,2013-04-26,2016-12-05,40.4588350686,-80.0102266326,42003250300.0,Central Northside,6.0,25.0,1-21,1.0,1.0,Northern,Riverview
11593475,185324,0023F00175000000,115  E JEFFERSON ST,City of Pittsburgh,1000.0,Building,R1A-VH,CDC Property Reserve,Sale Pending,Treasurer Sale,2013-04-26,2016-12-01,40.4592369925,-80.008912185,42003250300.0,Central Northside,6.0,25.0,1-21,1.0,1.0,Northern,Riverview
11593476,185325,0023F00180000000,108  CARRINGTON ST,City of Pittsburgh,1026.0,Building,R1A-VH,CDC Property Reserve,Sale Pending,Treasurer Sale,2013-04-26,2016-12-05,40.459141227,-80.0087402435,42003250300.0,Central Northside,6.0,25.0,1-21,1.0,1.0,Northern,Riverview
11593477,179899,0023S00162000000,514 E OHIO ST,City of Pittsburgh,1621.0,Building,LNC,CDC Property Reserve,Sale Pending,Treasurer Sale,2012-10-26,2016-12-06,40.4538010485,-80.0001673702,42003563200.0,East Allegheny,1.0,23.0,1-6,1.0,1.0,Northern,Riverview
11593478,173854,0024J00330000000,857 TRIPOLI ST,City of Pittsburgh,1396.0,Vacant Land,R1A-VH,CDC Property Reserve,Sale Pending,Treasurer Sale,2012-10-26,2016-12-05,40.456840098,-79.9954635841,42003563200.0,East Allegheny,1.0,23.0,1-5,1.0,1.0,Northern,Riverview
11593479,173855,0024J00331000000,923 CHESTNUT ST,City of Pittsburgh,2730.0,Vacant Land,R1A-VH,CDC Property Reserve,Sale Pending,Treasurer Sale,2012-10-26,2016-12-05,40.4568944401,-79.9953295914,42003563200.0,East Allegheny,1.0,23.0,1-5,1.0,1.0,Northern,Riverview
11593480,173865,0024K00001000000,921 CHESTNUT ST,City of Pittsburgh,1260.0,Vacant Land,R1A-VH,CDC Property Reserve,Sale Pending,Treasurer Sale,2012-10-26,2016-12-05,40.4568061551,-79.9952962482,42003563200.0,East Allegheny,1.0,23.0,1-5,1.0,1.0,Northern,Riverview
11593481,174133,0027B00099000000,904 BRYN MAWR RD,City of Pittsburgh,1550.0,Vacant Land,R2-L,CDC Property Reserve,Sale Pending,Treasurer Sale,2012-07-27,2016-12-06,40.4517522969,-79.958675279,42003050600.0,Upper Hill,6.0,5.0,2-22,2.0,3.0,Central,Schenley
11593482,174134,0027B00121000000,905 ANAHEIM ST,City of Pittsburgh,1550.0,Vacant Land,R2-L,CDC Property Reserve,Sale Pending,Treasurer Sale,2012-07-27,2016-12-06,40.4515580371,-79.9587876814,42003050600.0,Upper Hill,6.0,5.0,2-22,2.0,3.0,Central,Schenley
11593483,549965,0027B00299000000,822  CHEROKEE ST,City of Pittsburgh,,Building,R2-L,CDC Property Reserve,Sale Pending,Treasurer Sale,2016-04-29,2016-12-05,40.4510703341,-79.9601575043,42003050600.0,Upper Hill,6.0,5.0,2-22,2.0,3.0,Central,Schenley
11593484,185202,0028E00163000000,162  ROBINSON ST,City of Pittsburgh,2500.0,Building,R1A-VH,CDC Property Reserve,Sale Pending,Treasurer Sale,2014-04-25,2016-12-06,40.4397449354,-79.9652444923,42003040200.0,West Oakland,6.0,4.0,2-10,4.0,3.0,Central,Schenley
11593485,185203,0044H00115000000,2717  PLOUGH ST,City of Pittsburgh,4522.0,Building,R1A-H,CDC Property Reserve,Sale Pending,Treasurer Sale,2014-04-25,2016-12-05,40.4689613175,-80.0337072315,42003271500.0,Marshall-Shadeland,1.0,27.0,1-14,1.0,1.0,Northern,Riverview
11593486,185205,0045E00051000000,1310  WOODLAND (REAR) AV,City of Pittsburgh,1107.0,Building,R1D-H,CDC Property Reserve,Sale Pending,Treasurer Sale,2013-04-26,2016-12-05,40.4693371429,-80.030605126,42003271500.0,Marshall-Shadeland,1.0,27.0,1-14,1.0,1.0,Northern,Riverview
11593487,179928,0045E00331000000,1254 WOODLAND AVE,City of Pittsburgh,2500.0,Building,R1A-VH,CDC Property Reserve,Sale Pending,Treasurer Sale,2011-12-16,2016-12-05,40.4694193947,-80.0294664839,42003271500.0,Marshall-Shadeland,1.0,27.0,1-14,1.0,1.0,Northern,Riverview
11593488,175008,0045F00008000000,1214 WOODLAND AVE,City of Pittsburgh,2250.0,Building,R1A-VH,CDC Property Reserve,Sale Pending,Treasurer Sale,2010-07-30,2016-12-05,40.4696795489,-80.0279975775,42003271500.0,Marshall-Shadeland,1.0,27.0,1-14,1.0,1.0,Northern,Riverview
11593489,185207,0045F00031000000,1231  WOODLAND AV,City of Pittsburgh,2000.0,Vacant Land,R1D-H,CDC Property Reserve,Sale Pending,Treasurer Sale,2014-04-25,2016-12-05,40.4691639798,-80.0285352783,42003271500.0,Marshall-Shadeland,1.0,27.0,1-14,1.0,1.0,Northern,Riverview
11593490,185217,0049F00298000000,250  42ND ST,City of Pittsburgh,883.0,Vacant Land,R1A-H,CDC Property Reserve,Sale Pending,Treasurer Sale,2014-04-25,2016-12-05,40.4693129461,-79.9590134325,42003090200.0,Central Lawrenceville,7.0,9.0,3-3,2.0,2.0,Central,Highland
11593491,185229,0050L00321000000,5213  GEM WY,City of Pittsburgh,731.0,Building,R1D-H,CDC Property Reserve,Sale Pending,Treasurer Sale,2014-04-25,2016-12-05,40.4649907623,-79.939284537,42003101700.0,Garfield,9.0,10.0,3-4,5.0,2.0,Central,Highland
11593492,550023,0050M00078000000,5349  BROAD ST,City of Pittsburgh,,Building,R1D-H,CDC Property Reserve,Sale Pending,Treasurer Sale,2016-04-29,2016-12-05,40.4658165391,-79.9363462942,42003101700.0,Garfield,9.0,10.0,3-4,5.0,2.0,Central,Highland
11593493,176644,0057G00191000000,5520 1/2 2ND AVE,City of Pittsburgh,859.0,Building,UI,CDC Property Reserve,Sale Pending,Treasurer Sale,2012-07-27,2016-12-06,40.4010552699,-79.9398944802,42003562300.0,Hazelwood,5.0,15.0,2-13,4.0,3.0,Eastern,Frick
11593494,176957,0076J00179000000,3244 BRIGHTON RD,City of Pittsburgh,3030.0,Vacant Land,LNC,CDC Property Reserve,Sale Pending,Treasurer Sale,2010-07-30,2016-12-05,40.4763694863,-80.0313654695,42003271500.0,Marshall-Shadeland,1.0,27.0,1-14,1.0,1.0,Northern,Riverview
11593495,177083,0080D00392000000,5258 DUNCAN ST,City of Pittsburgh,4520.0,Vacant Land,R1A-VH,CDC Property Reserve,Sale Pending,Treasurer Sale,1948-06-07,2016-12-05,40.4794645581,-79.9501294565,42003101100.0,Upper Lawrenceville,7.0,10.0,3-5,2.0,2.0,Central,Highland
11593496,185239,0080H00252000000,5224  POE WY,City of Pittsburgh,2000.0,Building,R1A-VH,CDC Property Reserve,Sale Pending,Treasurer Sale,2014-04-25,2016-12-05,40.47856924843256,-79.95029986555247,42003101100.0,Upper Lawrenceville,7.0,10.0,3-5,2.0,2.0,Central,Highland
11593497,177122,0081G00061000000,ELENA CT,City of Pittsburgh,5073.0,Vacant Land,R1D-L,CDC Property Reserve,Sale Pending,Treasurer Sale,2012-07-27,2016-12-05,40.4777979184,-79.9371255435,42003100500.0,Stanton Heights,9.0,10.0,3-7,5.0,2.0,Central,Highland
11593498,185245,0119S00024000000,5418  CARNEGIE ST,City of Pittsburgh,1000.0,Vacant Land,R1A-VH,CDC Property Reserve,Sale Pending,Treasurer Sale,2014-04-25,2016-12-05,40.48256194900113,-79.94978001792371,42003101100.0,Upper Lawrenceville,7.0,10.0,3-5,2.0,2.0,Central,Highland
11593499,550092,0174E00267000000,916  N LANG AVE,City of Pittsburgh,,Vacant Land,R2-L,CDC Property Reserve,Sale Pending,Treasurer Sale,2016-04-29,2016-12-05,40.4584483076,-79.8981764576,42003130200.0,Homewood North,9.0,13.0,3-17,5.0,2.0,Eastern,Highland
11593500,550094,0174F00044000000,7251  HERMITAGE ST,City of Pittsburgh,,Vacant Land,R2-L,CDC Property Reserve,Sale Pending,Treasurer Sale,2016-04-29,2016-12-05,40.4599033757,-79.893083081,42003130200.0,Homewood North,9.0,13.0,3-17,5.0,2.0,Eastern,Highland
11593501,550095,0174F00046000000,7247  HERMITAGE ST,City of Pittsburgh,,Vacant Land,R2-L,CDC Property Reserve,Sale Pending,Treasurer Sale,2016-04-29,2016-12-05,40.4599268326,-79.8931712909,42003130200.0,Homewood North,9.0,13.0,3-17,5.0,2.0,Eastern,Highland
11593502,185249,0174F00046000A00,7245  HERMITAGE ST,City of Pittsburgh,1287.0,Vacant Land,R2-L,CDC Property Reserve,Sale Pending,Treasurer Sale,2014-10-24,2016-12-05,40.45995083831214,-79.89322676636611,42003130200.0,Homewood North,9.0,13.0,3-17,5.0,2.0,Eastern,Highland
11593503,185252,0174P00039000000,570  PANKE AV,City of Pittsburgh,2200.0,Vacant Land,R1A-VH,CDC Property Reserve,Sale Pending,Treasurer Sale,2014-10-24,2016-12-05,40.453271478698234,-79.89342658327686,42003130300.0,Homewood South,9.0,13.0,3-17,5.0,2.0,Eastern,Frick
11593587,172169,0010P00133000000,2230 CENTRE AVE,City of Pittsburgh,2858.0,Not Classified,LNC,URA Transfer,Sale Pending,Treasurer Sale,1992-06-15,2017-04-07,40.4449651119,-79.9748791833,42003050100.0,Middle Hill,6.0,5.0,2-5,2.0,3.0,Central,Schenley
11593671,998328,0046G00052000000,2420 OSGOOD ST,City of Pittsburgh,3500.0,Building,H,CDC Property Reserve,Sale Pending,Treasurer Sale,2019-04-18,2019-11-25,40.4684956925,-80.0070808489,42003261400.0,Perry South,6.0,26.0,1-22,1.0,1.0,Northern,Riverview
11593725,914293,0024D00152000000,1542  LOWRIE ST,City of Pittsburgh,2070.0,Building,LNC,CDC Property Reserve,Sale Pending,Treasurer Sale,2016-10-28,2018-01-26,40.4623784439,-79.9839935355,42003240600.0,Troy Hill,1.0,24.0,1-2,1.0,1.0,Northern,Riverview
11593726,549949,0024F00211000000,1037  SPRING GARDEN AVE,City of Pittsburgh,,Vacant Land,NDI,CDC Property Reserve,Sale Pending,Treasurer Sale,2016-04-29,2018-01-26,40.4589260166,-79.9936576664,42003241200.0,Spring Garden,1.0,24.0,1-5,1.0,1.0,Northern,Riverview
11594460,914304,0026E00166000000,0  HERRON AVE,City of Pittsburgh,1980.0,Vacant Land,H,CDC Property Reserve,Acquisition Pending,Treasurer Sale,2016-10-28,2017-02-17,40.4587234584,-79.9641732772,42003060500.0,Polish Hill,7.0,6.0,2-6,2.0,6.0,Central,Highland
11594461,914346,0048A00192000000,2062  LIEDERTAFEL WAY,City of Pittsburgh,13704.0,Building,H,CDC Property Reserve,Acquisition Pending,Treasurer Sale,2016-10-28,2017-02-17,40.4700426699,-79.9801005375,42003240600.0,Troy Hill,1.0,24.0,1-2,1.0,1.0,Northern,Riverview
11594462,914348,0050E00012000000,0  KINCAID ST,City of Pittsburgh,1785.0,Vacant Land,R1A-H,CDC Property Reserve,Acquisition Pending,Treasurer Sale,2016-10-28,2017-02-17,40.4677837288,-79.945527622,42003101700.0,Garfield,9.0,10.0,3-4,5.0,2.0,Central,Highland
11594463,914354,0050G00299000000,5209  COLUMBO ST,City of Pittsburgh,3400.0,Building,R1D-H,CDC Property Reserve,Acquisition Pending,Treasurer Sale,2016-10-28,2017-02-17,40.4692475568,-79.9386707649,42003101600.0,Garfield,9.0,10.0,3-4,5.0,2.0,Central,Highland
11596419,914303,0026E00164000000,385  LINOLEUM WAY,City of Pittsburgh,1980.0,Building,H,CDC Property Reserve,Sale Pending,Treasurer Sale,2016-10-28,2017-11-16,40.4586795351,-79.9640383755,42003060500.0,Polish Hill,7.0,6.0,2-6,2.0,6.0,Central,Highland
11596743,985598,0009M00237000000,821 CASSATT ST,City of Pittsburgh,1425.0,Vacant Land,RM-M,CDC Property Reserve,Sale Pending,Treasurer Sale,2018-04-20,2018-11-15,40.4458454942,-79.9855528437,42003030500.0,Crawford-Roberts,6.0,3.0,2-1,2.0,3.0,Central,Schenley
11596744,985734,0024C00328000000,1311 TELL ST,City of Pittsburgh,2002.0,Building,R1A-M,CDC Property Reserve,Sale Pending,Treasurer Sale,2018-04-20,2018-11-15,40.4602497952,-79.9880088147,42003241200.0,Spring Garden,1.0,24.0,1-5,1.0,1.0,Northern,Riverview
11596745,985618,0027B00171000000,762 ANAHEIM ST,City of Pittsburgh,979.0,Vacant Land,R2-L,CDC Property Reserve,Sale Pending,Treasurer Sale,2018-04-20,2018-11-15,40.4519923601,-79.9611358512,42003050600.0,Upper Hill,6.0,5.0,2-22,2.0,3.0,Central,Schenley
11596746,985619,0027B00171000A00,764 ANAHEIM ST,City of Pittsburgh,943.0,Vacant Land,R2-L,CDC Property Reserve,Sale Pending,Treasurer Sale,2018-04-20,2018-11-15,40.4519827736,-79.9610997036,42003050600.0,Upper Hill,6.0,5.0,2-22,2.0,3.0,Central,Schenley
11596747,985756,0075L00289000000,3306 FLEMING AVE,City of Pittsburgh,2280.0,Building,R1A-H,CDC Property Reserve,Sale Pending,Treasurer Sale,2018-04-20,2018-11-15,40.475592237,-80.0374287338,42003270300.0,Brighton Heights,1.0,27.0,1-14,1.0,1.0,Northern,Riverview
11596748,985786,0075M00035000000,1513 ANTRIM ST,City of Pittsburgh,2700.0,Vacant Land,H,CDC Property Reserve,Sale Pending,Treasurer Sale,2018-04-20,2018-11-15,40.4754554739,-80.0364738409,42003270300.0,Brighton Heights,1.0,27.0,1-14,1.0,1.0,Northern,Riverview
11596749,985757,0075M00058000000,3259 MCCLURE AVE,City of Pittsburgh,2111.0,Vacant Land,H,CDC Property Reserve,Sale Pending,Treasurer Sale,2018-04-20,2018-11-15,40.4754149378,-80.0360134661,42003270300.0,Brighton Heights,1.0,27.0,1-14,1.0,1.0,Northern,Riverview
11596750,985758,0075M00059000000,3261 MCCLURE AVE,City of Pittsburgh,2250.0,Vacant Land,H,CDC Property Reserve,Sale Pending,Treasurer Sale,2018-04-20,2018-11-15,40.4754474137,-80.0360751181,42003270300.0,Brighton Heights,1.0,27.0,1-14,1.0,1.0,Northern,Riverview
11596751,985759,0075M00061000B00,3267 MCCLURE AVE,City of Pittsburgh,950.0,Vacant Land,H,CDC Property Reserve,Sale Pending,Treasurer Sale,2018-04-20,2018-11-15,40.475424841,-80.0361824185,42003270300.0,Brighton Heights,1.0,27.0,1-14,1.0,1.0,Northern,Riverview
11596752,985760,0075M00062000000,3269 MCCLURE AVE,City of Pittsburgh,2108.0,Vacant Land,H,CDC Property Reserve,Sale Pending,Treasurer Sale,2018-04-20,2018-11-15,40.4755587503,-80.0362347609,42003270300.0,Brighton Heights,1.0,27.0,1-14,1.0,1.0,Northern,Riverview
11596753,985761,0075M00064000000,3271 MCCLURE AVE,City of Pittsburgh,2298.0,Vacant Land,H,CDC Property Reserve,Sale Pending,Treasurer Sale,2018-04-20,2018-11-15,40.4755799147,-80.0363433323,42003270300.0,Brighton Heights,1.0,27.0,1-14,1.0,1.0,Northern,Riverview
